itemId,rateContent,ItemType,userNick,rateDate,ItemPrice,ItemName,ItemSales
,,,,,1799.00,PPTV 43P 43英寸 全高清 网络智能 互联网液晶平板电视,1512
,,,,,150.00,乐歌 PT-G1 电视固定挂架 32-55英寸【PPTV-55P电视官方定制】,39
,,,,,499.00,PPTV PPBOX 4K盒子 网络高清安卓 机顶盒  黑色,17
,,,,,3699.00,PPTV 55T 55英寸 智能4K 互联网液晶平板电视,9
,,,,,1299.00,PPTV智能电视 32C2 32英寸（黑色）,1
,,,,,1299.00,PPTV PT355家庭影院 电视音响 电视蓝牙功能 Sound Bar,0
,,,,,225.00,PPTV PT-G2 挂架、合金铝材、一体成型【pptv 55T电视定制挂架】,0
,,,,,3599.00,PPTV 55Ppro 55英寸 4K超高清 智能网络WiFi LED液晶电视,83
,,,,,2849.00,Midea/美的大1.5匹变频冷暖空调KFR-35GW/WPAA3家用除湿空调挂机,1941
,,,,,2599.00,Midea/美的KFR-35GW/WPAD3大1.5匹家用定频壁挂式冷暖空调挂机,3010
,,,,,7.50,【苏宁易购】清风 抽纸纸巾原木纯品面纸2层150*4包,456795
,,,,,96.80,【苏宁易购】奥妙净蓝全效洗衣液3KG*2+1KG*3+金纺柔顺502ml*2,10880
,,,,,29.90,【苏宁易购】卫新 香薰洗衣液 索菲亚玫瑰 4.26kg 威露士出品,12121
,,,,,35.90,【苏宁易购】清风 抽纸 淡绿花 原生木浆 2层200抽*20包 整箱,169749
,,,,,25.00,【苏宁易购】 君乐宝 开啡尔 常温 酸奶200g*8 定制包装 数量有限,92855
,,,,,79.00,官方正品小米移动电源10000毫安小巧 大容量手机平板通用充电宝,40145
,,,,,1699.00,Changhong/长虹 43N1 43英寸 网络互动 内置WiFi LED液晶平板电视,963
,,,,,1499.00,Changhong/长虹 KFR-26GW/DHID(W1-J)+2 大1匹定速智能空调挂机,135
,,,,,2899.00,Changhong/长虹 55U3C 55英寸双64位4K安卓智能LED液晶平板电视,94
,,,,,1499.00,Changhong/长虹 39N1 39英寸 网络 内置无线WIFI LED液晶电视,606
,,,,,1799.00,Changhong/长虹 KFR-35GW/DHID(W1-J)+2 大1.5匹定速智能挂机空调,77
,,,,,2399.00,Changhong/长虹 50S1 50英寸 微信TV 安卓智能 LED液晶平板电视,221
,,,,,2799.00,Changhong/长虹 55S1 55英寸 内置wifi12核 安卓智能LED液晶电视,391
,,,,,2499.00,Changhong/长虹 KFR-35GW/DAW1+A2 1.5匹变频空调挂机,3
,,,,,1549.00,Changhong/长虹 KFR-26GW/DAW1+2 大1匹定速空调挂机,1
,,,,,1849.00,Changhong/长虹 KFR-35GW/DAW1+2 1.5匹定速空调挂机,0
,,,,,2849.00,Midea/美的大1.5匹变频冷暖空调KFR-35GW/WPAA3家用除湿空调挂机,1941
,,,,,2599.00,Midea/美的KFR-35GW/WPAD3大1.5匹家用定频壁挂式冷暖空调挂机,3010
,,,,,7.50,【苏宁易购】清风 抽纸纸巾原木纯品面纸2层150*4包,456795
,,,,,96.80,【苏宁易购】奥妙净蓝全效洗衣液3KG*2+1KG*3+金纺柔顺502ml*2,10880
,,,,,29.90,【苏宁易购】卫新 香薰洗衣液 索菲亚玫瑰 4.26kg 威露士出品,12121
,,,,,35.90,【苏宁易购】清风 抽纸 淡绿花 原生木浆 2层200抽*20包 整箱,169749
,,,,,25.00,【苏宁易购】 君乐宝 开啡尔 常温 酸奶200g*8 定制包装 数量有限,92855
,,,,,79.00,官方正品小米移动电源10000毫安小巧 大容量手机平板通用充电宝,40145
,,,,,2999.00,Sharp/夏普 LCD-50V3A 50英寸 全高清 智能网络 LED液晶平板电视,3479
,,,,,2699.00,夏普空气净化器除甲醛家用二手烟PM2.5加湿卧室室内除雾霾包邮,828
,,,,,1699.00,夏普空气净化器除甲醛PM2.5家用加湿除二手烟卧室内除雾霾包邮,1151
,,,,,1299.00,Sharp/夏普 LCD-32M3A 32英寸 LED液晶电视机,251
,,,,,3799.00,Sharp/夏普 LCD-48S3A 48英寸 4K超高清 智能网络 液晶电视,426
,,,,,2399.00,Sharp/夏普 LCD-40M3A 40英寸 全高清 LED液晶电视,83
,,,,,1999.00,夏普空气净化器 家用除甲醛二手烟PM2.5杀菌除雾霾加湿卧室包邮,224
,,,,,3499.00,Sharp/夏普 LCD-40S3A 40英寸 4K超高清 智能网络 液晶电视,1116
,,,,,2498.00,夏普除湿机家用 静音CF-20NZW/2 新款抽湿机吸湿干燥干衣机,38
,,,,,3199.00,夏普空气净化器除甲醛家用二手烟加湿卧室杀菌消毒机除雾霾包邮,394
,,,,,4999.00,Sharp/夏普 LCD-55S3A 55英寸 4K超高清 智能网络 液晶电视,121
,,,,,6999.00,Sharp/夏普 LCD-60UF30A 60英寸 智能网络 LED液晶平板电视,74
,,,,,3499.00,夏普空气净化器家用除湿机DW-CE15F-W杀菌干衣抽湿机静音,19
,,,,,1799.00,夏普空气净化器FU-WD20-N金色除菌除尘除二手烟,5
,,,,,3999.00,买一送一夏普空气KC-WE61-N家用净化器儿童房专用除甲醛PM2.5雾霾,3
,,,,,1999.00,夏普空气净化器FU-D30-S除菌除尘除二手烟,2
,,,,,6499.00,【买一送一】夏普(SHARP)KI-CE60-空气净化器除霾除甲醛除二手烟,0
,,,,,2599.00,夏普空气净化器除甲醛家用PM2.5二手烟卧室除雾霾加湿,4
,,,,,2849.00,Midea/美的大1.5匹变频冷暖空调KFR-35GW/WPAA3家用除湿空调挂机,1941
,,,,,2599.00,Midea/美的KFR-35GW/WPAD3大1.5匹家用定频壁挂式冷暖空调挂机,3010
,,,,,7.50,【苏宁易购】清风 抽纸纸巾原木纯品面纸2层150*4包,456795
,,,,,96.80,【苏宁易购】奥妙净蓝全效洗衣液3KG*2+1KG*3+金纺柔顺502ml*2,10880
,,,,,29.90,【苏宁易购】卫新 香薰洗衣液 索菲亚玫瑰 4.26kg 威露士出品,12121
,,,,,35.90,【苏宁易购】清风 抽纸 淡绿花 原生木浆 2层200抽*20包 整箱,169749
,,,,,25.00,【苏宁易购】 君乐宝 开啡尔 常温 酸奶200g*8 定制包装 数量有限,92855
,,,,,79.00,官方正品小米移动电源10000毫安小巧 大容量手机平板通用充电宝,40145
,,,,,4299.00,Samsung/三星 UA55JU50SWJXXZ 55吋 4K智能LED液晶平板电视彩电,164
,,,,,2799.00,Samsung/三星WW70J5280GW/SC 7公斤全自动家用节能滚筒洗衣机甩干,89
,,,,,2999.00,Samsung/三星 WW70J5230GW 7kg变频滚筒洗衣机,71
,,,,,3699.00,Samsung/三星 BCD-265WMSSWW1 家用三门冰箱 智能变频 风冷无霜,94
,,,,,4999.00,Samsung/三星 UA55JU5920JXXZ 55英寸 4K超高清 网络 LED平板电视,452
,,,,,3399.00,Samsung/三星 WW80J5230GW 8kg变频滚筒洗衣机,40
,,,,,2899.00,Samsung/三星 UA40JU50SWJXXZ 40英寸4K智能 LED液晶平板电视,484
,,,,,4299.00,Samsung/三星 rs542ncaeww超大容量540L智能变频双开门无霜冰箱,100
,,,,,6999.00,Samsung/三星 UA55JU6800JXXZ 55英寸 4K智能 曲面LED液晶电视,202
,,,,,2799.00,Samsung/三星 UA48J50SWACXXZ 48英寸全高清LED液晶电视,11
,,,,,3899.00,Samsung/三星 BCD-286WNQISS1 286升大双门三星节能风冷冰箱,34
,,,,,3899.00,Samsung/三星 UA40JU5920CXXZ 40英寸4K智能网络WIFI LED液晶电视,76
,,,,,14199.00,Samsung/三星 UA65JU5900JXXZ 65英寸 4K 网络智能 LED液晶电视,18
,,,,,12999.00,Samsung/三星 UA65JU6800JXXZ 65英寸 超高清4K 曲面LED液晶电视,3
,,,,,1199.00,Samsung/三星 UA32J40SWAJXXZ 32英寸 高清 LED液晶平板电视,132
,,,,,1399.00,Samsung/三星 UA32J4088AJXXZ 32英寸 高清LED液晶 LED液晶电视,96
,,,,,7399.00,Samsung/三星 WD80J7260GX/SC  LCD全触控屏 泡泡净 滚筒洗衣机,2
,,,,,3999.00,Samsung/三星 UA43J5088AJXXZ 43英寸 全高清 LED液晶电视,9
,,,,,3599.00,Samsung/三星 UA43J5088ACXXZ 43英寸 全高清 LED液晶电视,4
,,,,,5999.00,Samsung/三星 UA58J50SWAJXXZ 58英寸 全高清 LED液晶电视,0
,,,,,4399.00,Samsung/三星 UA48J5088ACXXZ 48英寸 全高清 LED液晶电视,6
,,,,,2849.00,Midea/美的大1.5匹变频冷暖空调KFR-35GW/WPAA3家用除湿空调挂机,1941
,,,,,2599.00,Midea/美的KFR-35GW/WPAD3大1.5匹家用定频壁挂式冷暖空调挂机,3010
,,,,,7.50,【苏宁易购】清风 抽纸纸巾原木纯品面纸2层150*4包,456795
,,,,,96.80,【苏宁易购】奥妙净蓝全效洗衣液3KG*2+1KG*3+金纺柔顺502ml*2,10880
,,,,,29.90,【苏宁易购】卫新 香薰洗衣液 索菲亚玫瑰 4.26kg 威露士出品,12121
,,,,,35.90,【苏宁易购】清风 抽纸 淡绿花 原生木浆 2层200抽*20包 整箱,169749
,,,,,25.00,【苏宁易购】 君乐宝 开啡尔 常温 酸奶200g*8 定制包装 数量有限,92855
,,,,,79.00,官方正品小米移动电源10000毫安小巧 大容量手机平板通用充电宝,40145
,,,,,2199.00,Konka/康佳 LED50U60 50英寸全高清网络智能 苏宁LED液晶平板电视,834
,,,,,999.00,Konka/康佳 LED32E330CE 32英寸 蓝光 LED液晶电视 苏宁易购,1609
,,,,,956.00,KONKA/康佳 BCD-192MT-GY冰箱三门家用一级节能 三开门电冰箱,616
,,,,,899.00,KONKA/康佳BCD-172TJ-GY 172升双门小电冰箱家用节能冷藏冷冻包邮,685
,,,,,1418.00,Konka/康佳 LED42E330CE 42英寸 全高清 LED液晶平板电视 苏宁,542
,,,,,1999.00,Konka/康佳 A48F 48英寸 十核智能网络液晶平板电视,94
,,,,,1999.00,Konka/康佳 BCD-330L4GY多门式冰箱家用一级节能四门对开门电冰箱,183
,,,,,2999.00,Konka/康佳 LED55U60 55英寸 网络智能 LED液晶电视 苏宁易购,468
,,,,,699.00,Konka/康佳 XQB55-718全自动波轮洗衣机5.5kg公斤家用洗衣机,569
,,,,,1799.00,Konka/康佳 LED43U60 43英寸 全高清 智能网络 LED液晶平板电视,373
,,,,,1999.00,Konka/康佳 LED43E330U 43英寸4K智能网络WIFI LED液晶平板电视,693
,,,,,1699.00,Konka/康佳 LED32E330N 32英寸 智能网络WiFi LED液晶平板电视,202
,,,,,2849.00,Midea/美的大1.5匹变频冷暖空调KFR-35GW/WPAA3家用除湿空调挂机,1941
,,,,,2599.00,Midea/美的KFR-35GW/WPAD3大1.5匹家用定频壁挂式冷暖空调挂机,3010
,,,,,7.50,【苏宁易购】清风 抽纸纸巾原木纯品面纸2层150*4包,456795
,,,,,96.80,【苏宁易购】奥妙净蓝全效洗衣液3KG*2+1KG*3+金纺柔顺502ml*2,10880
,,,,,29.90,【苏宁易购】卫新 香薰洗衣液 索菲亚玫瑰 4.26kg 威露士出品,12121
,,,,,35.90,【苏宁易购】清风 抽纸 淡绿花 原生木浆 2层200抽*20包 整箱,169749
,,,,,25.00,【苏宁易购】 君乐宝 开啡尔 常温 酸奶200g*8 定制包装 数量有限,92855
,,,,,79.00,官方正品小米移动电源10000毫安小巧 大容量手机平板通用充电宝,40145
,,,,,2799.00,LG WD-T12411DN 8公斤 全自动变频智能 滚筒洗衣机,1324
,,,,,2099.00,LG WD-N12435D 6公斤滚筒洗衣机 全自动超薄静音DD变频智能,315
,,,,,2299.00,LG 43LF5420-CB 43英寸 全高清 苏宁易购 LED液晶平板电视,423
,,,,,4799.00,LG WD-H12428D 7公斤滚筒洗衣机 轻薄设计 DD变频电机保修十年,61
,,,,,5399.00,LG 55UF6800-CA 55英寸 超高清4K 智能网络WiFi LED液晶电视机,1
,,,,,5299.00,LG WD-T1450B0S 8公斤 DD变频滚筒洗衣机 智能手洗 蒸汽喷淋技术,2
,,,,,8650.00,LG WD-A1450B7H  DD直驱变频 高温蒸汽杀菌 8公斤滚筒洗衣机,1
,,,,,2849.00,Midea/美的大1.5匹变频冷暖空调KFR-35GW/WPAA3家用除湿空调挂机,1941
,,,,,2599.00,Midea/美的KFR-35GW/WPAD3大1.5匹家用定频壁挂式冷暖空调挂机,3010
,,,,,7.50,【苏宁易购】清风 抽纸纸巾原木纯品面纸2层150*4包,456795
,,,,,96.80,【苏宁易购】奥妙净蓝全效洗衣液3KG*2+1KG*3+金纺柔顺502ml*2,10880
,,,,,29.90,【苏宁易购】卫新 香薰洗衣液 索菲亚玫瑰 4.26kg 威露士出品,12121
,,,,,35.90,【苏宁易购】清风 抽纸 淡绿花 原生木浆 2层200抽*20包 整箱,169749
,,,,,25.00,【苏宁易购】 君乐宝 开啡尔 常温 酸奶200g*8 定制包装 数量有限,92855
,,,,,79.00,官方正品小米移动电源10000毫安小巧 大容量手机平板通用充电宝,40145
,,,,,999.00,Pioneer/先锋 LED-39B350 39英寸 高清蓝光 窄边LED液晶平板电视,1643
,,,,,999.00,Pioneer/先锋 LED-32B550 32英寸 高清LED液晶平板电视机,6768
,,,,,799.00,Pioneer/先锋 LED-32B750 32英寸高清 LED液晶电视机,5275
,,,,,1299.00,Pioneer/先锋 LED-42B350 42英寸 高清合资 窄边 LED液晶平板电视,2168
,,,,,1799.00,Pioneer/先锋 LED-48B700S 内置PPOS智能系统液晶电视,307
,,,,,1199.00,Pioneer/先锋 LED-40B550 40英寸 全高清LED液晶平板电视,3591
,,,,,1399.00,Pioneer/先锋 LED-43B550 43英寸 全高清窄边框LED液晶平板电视机,825
,,,,,1699.00,Pioneer/先锋 LED-39B700S 39英寸 网络智能 LED液晶平板电视机,38
,,,,,1299.00,Pioneer/先锋 LED-32B700S 32英寸 网络智能  LED液晶平板电视,34
,,,,,1999.00,Pioneer/先锋平板电脑W11 Windows64G(黑),17
,,,,,1199.00,Pioneer/先锋 X-SMC00BT 薄型数码播放一体机 苏宁易购,12
,,,,,2849.00,Midea/美的大1.5匹变频冷暖空调KFR-35GW/WPAA3家用除湿空调挂机,1941
,,,,,2599.00,Midea/美的KFR-35GW/WPAD3大1.5匹家用定频壁挂式冷暖空调挂机,3010
,,,,,7.50,【苏宁易购】清风 抽纸纸巾原木纯品面纸2层150*4包,456795
,,,,,96.80,【苏宁易购】奥妙净蓝全效洗衣液3KG*2+1KG*3+金纺柔顺502ml*2,10880
,,,,,29.90,【苏宁易购】卫新 香薰洗衣液 索菲亚玫瑰 4.26kg 威露士出品,12121
,,,,,35.90,【苏宁易购】清风 抽纸 淡绿花 原生木浆 2层200抽*20包 整箱,169749
,,,,,25.00,【苏宁易购】 君乐宝 开啡尔 常温 酸奶200g*8 定制包装 数量有限,92855
,,,,,79.00,官方正品小米移动电源10000毫安小巧 大容量手机平板通用充电宝,40145
,,,,,2499.00,coocaa/酷开 K55 55英寸 酷开系统智能网络wifi  LED液晶平板电视,662
,,,,,999.00,coocaa/酷开 K32 32英寸小企鹅青春版 智能网络液晶平板电视,233
,,,,,2099.00,coocaa/酷开 K50 50英寸 全高清 智能网络 苏宁 LED液晶平板电视,235
,,,,,1799.00,coocaa/酷开 A43 43英寸智能网络 液晶平板电视 酷开系统WiFi,82
,,,,,2849.00,Midea/美的大1.5匹变频冷暖空调KFR-35GW/WPAA3家用除湿空调挂机,1941
,,,,,2599.00,Midea/美的KFR-35GW/WPAD3大1.5匹家用定频壁挂式冷暖空调挂机,3010
,,,,,7.50,【苏宁易购】清风 抽纸纸巾原木纯品面纸2层150*4包,456795
,,,,,96.80,【苏宁易购】奥妙净蓝全效洗衣液3KG*2+1KG*3+金纺柔顺502ml*2,10880
,,,,,29.90,【苏宁易购】卫新 香薰洗衣液 索菲亚玫瑰 4.26kg 威露士出品,12121
,,,,,35.90,【苏宁易购】清风 抽纸 淡绿花 原生木浆 2层200抽*20包 整箱,169749
,,,,,25.00,【苏宁易购】 君乐宝 开啡尔 常温 酸奶200g*8 定制包装 数量有限,92855
,,,,,79.00,官方正品小米移动电源10000毫安小巧 大容量手机平板通用充电宝,40145
,,,,,1059.00,Haier/海尔BCD-160TMPQ 小冰箱双门家用冷藏冷冻电冰箱一级节能,5191
,,,,,899.00,Haier/海尔XQB60-M1269 6公斤全自动波轮洗衣机家用节能省水,8312
,,,,,1699.00,Haier/海尔BCD-216SDN冷藏冷冻三门冰箱 家用/静音电冰箱一级节能,7462
,,,,,899.00,Haier/海尔 LE32B310N 32英寸 高清  LED液晶平板电视,7165
,,,,,2499.00,MOOKA模卡 U55K5 55英寸4k智能网络LED平板电视,1061
,,,,,849.00,Haier/海尔 XQB55-M1258 关爱 5.5公斤全自动波轮洗衣机苏宁配送,927
,,,,,2399.00,Haier/海尔 LE48G520N 48英寸 网络wifi智能 LED液晶平板电视机,2751
,,,,,1099.00,苏宁易购 Haier/海尔EC6001-DQ 家用60升速热恒温储水式电热水器,417
,,,,,1799.00,Haier/海尔 EG7012B29W 7公斤变频全自动滚筒洗衣机家用甩干脱水,2338
,,,,,4599.00,Haier/海尔BCD-575WDBI 对开门冰箱 家用静音电冰箱双开门节能,660
,,,,,449.00,海尔(Haier) ES6.6U(W) 储水式电热水器 厨房小厨宝热水宝 6.6L,2136
,,,,,1699.00,Haier/海尔 LE42B310N 42英寸 纤薄 LED液晶电视,517
,,,,,4299.00,Haier/海尔 XQG80-BX12636 8公斤全自动变频静音滚筒洗衣机家用,274
,,,,,1498.00,Haier/海尔EC8002-D+ 家用淋浴80升速热遥控储水式电热水器,1564
,,,,,2299.00,Haier/海尔 EG8012B29WC 8公斤大容量全自动变频滚筒洗衣机杀菌,952
,,,,,4899.00,Haier/海尔KFR-50LW/08UBC13U1 大2匹定频云智能冷暖圆柱空调柜机,773
,,,,,1399.00,Haier/海尔EC6002-DL 60升家用淋浴速热恒温储水式节能电热水器,1023
,,,,,899.00,Haier/海尔 ES60H-C6(NE) 电热水器60升恒温速热家用热水器60L,859
,,,,,3499.00,Haier/海尔BCD-571WDPF对开门冰箱双门冰箱家用对开节能/无霜,1092
,,,,,2599.00,Haier/海尔 XQG70-BX12636 7公斤变频节能滚筒洗衣机,141
,,,,,1499.00,Haier/海尔 BCD-205STPH 205升节能实用三门电冰箱苏宁配送,239
,,,,,4998.00,Haier/海尔 BCD-402WDBA 402升家用电脑风冷多门电冰箱苏宁配送,180
,,,,,3699.00,Haier/海尔 BCD-260WDGW 260升电脑彩晶风冷三门电冰箱苏宁配送,149
,,,,,2899.00,Haier/海尔 BCD-218SDGW 218升家用节能电脑三门电冰箱苏宁配送,162
,,,,,999.00,海尔EC5002-Q6 家用预约洗浴恒温速热储水式电热水器 50L,410
,,,,,849.00,海尔(Haier) BC/BD-103HA 103升卧式冷柜低霜小富豪 家用制冷均匀,367
,,,,,1099.00,Haier/海尔EC6002-Q6 家用60升速热恒温淋浴洗澡储水式电热水器,419
,,,,,1399.00,Haier/海尔E750CS1+QE3GS1 油烟机燃气灶 侧吸式烟灶组合套装套餐,557
,,,,,3199.00,Haier/海尔 XQS75-BZ1328 7.5公斤变频双动力波轮洗衣机苏宁配送,55
,,,,,7199.00,Haier/海尔 BCD-460WDGZ 对开门 风冷无霜 干湿分储 节能电冰箱,62
,,,,,1399.00,Haier/海尔 BCD-201STPA三门电冰箱节能冷藏冷冻一级能效免费包邮,300
,,,,,5999.00,Haier/海尔 KFR-50LW/08UAP23AU1 大2匹家用智能变频圆柱空调柜机,177
,,,,,1999.00,海尔（Haier） KFR-26GW/10EBC13U1 大1匹壁挂式冷暖定速智能空调,124
,,,,,1599.00,Haier/海尔ES60H-G1(SE)家用淋浴洗澡60升速热恒温储水式电热水器,345
,,,,,1399.00,Haier/海尔JSQ20-PR(12T)家用10升强排式恒温燃气热水器 天然气,202
,,,,,2499.00,Haier/海尔BCD-251WDPM三门冰箱家用一级节能/静音风冷电冰箱无霜,1068
,,,,,1049.00,Haier/海尔 BC/BD-146HMDS 146升低霜卧式冷柜苏宁配送包邮,32
,,,,,3299.00,Haier/海尔 XQG100-BX12636 10kg/公斤大容量变频滚筒洗衣机,61
,,,,,1799.00,Haier/海尔JSQ24-WS2(12T)家用12升强排式燃气热水器,188
,,,,,1199.00,Haier/海尔 EB75M2WD 7.5kg/公斤全自动智能波轮洗衣机苏宁配送,173
,,,,,1199.00,海尔(Haier) BC/BD-203HCN 203升卧式冷柜 冷冻更彻底！,405
,,,,,3999.00,Haier/海尔 MS70-BZ1528 7公斤变频免清洗波轮洗衣机苏宁配送,23
,,,,,1799.00,Haier/海尔XQS70-Z12699 7公斤全自动双动力波轮洗衣机家用不锈钢,416
,,,,,2299.00,Haier/海尔 EG8012B29WH 8公斤大容量全自动变频静音滚筒洗衣机,29
,,,,,1298.00,Haier/海尔EC6002-D+ 60升家用洗澡淋浴速热储水式遥控电热水器,1897
,,,,,2399.00,Haier/海尔 XQS70-Z1626 7公斤双动力全自动波轮洗衣机家用节能型,16
,,,,,899.00,海尔净水设备HU103-5五级过滤净水机家用厨房净水器,33
,,,,,3399.00,Haier/海尔 XQG75-BX1219N 7.5公斤全自动变频滚筒洗衣机脱水甩干,114
,,,,,2299.00,Haier/海尔 LS42H510N 42英寸 4K超高清 智能网络 LED液晶电视,191
,,,,,1699.00,海尔烟灶套餐E900TS1+QE3BS1欧式吸油烟机燃气灶套装,123
,,,,,2499.00,海尔/Haier E900T5+QE3BS1抽油烟机 燃气灶 烟机灶具套餐 天然气,14
,,,,,2099.00,海尔燃气热水器JSQ25-13WS5(12T)金 家用恒温淋浴天然气热水器,14
,,,,,2199.00,Haier/海尔 BCD-248WDPM 248升风冷电脑双门节能电冰箱苏宁配送,10
,,,,,4099.00,Haier/海尔 MS85-BZ13288 8.5kg/公斤免清洗双动力变频波轮洗衣机,4
,,,,,2699.00,Haier/海尔 BCD-251WDBD 251升变频风冷电脑双门电冰箱苏宁配送,9
,,,,,7999.00,Haier/海尔 BCD-412WDCN 412升电脑风冷多门电冰箱香槟金苏宁配送,2
,,,,,3799.00,Haier/海尔 MS75-BZ13288 7.5kg/公斤免清洗双动力变频波轮洗衣机,4
,,,,,5699.00,Haier/海尔 BCD-460WDBE 460升干湿分储风冷多门电冰箱苏宁配送,13
,,,,,4699.00,Haier/海尔 MS80-BZ1528 8kg/公斤免清洗 双动力 变频 波轮洗衣机,7
,,,,,1399.00,海尔净水器家用直饮机反渗透纯水机RO膜净水机全国安装包邮,1
,,,,,5698.00,Haier/海尔 XQG80-BD1626 8kg/公斤 大容量 水晶变频 滚筒洗衣机,4
,,,,,5699.00,Haier/海尔 XQG90-BDX1626 9kg/公斤变频静音滚筒洗衣机,21
,,,,,9999.00,Haier/海尔 BCD-620WDGF 620升干湿分储智能风冷多门冰箱苏宁配送,0
,,,,,2849.00,Midea/美的大1.5匹变频冷暖空调KFR-35GW/WPAA3家用除湿空调挂机,1941
,,,,,2599.00,Midea/美的KFR-35GW/WPAD3大1.5匹家用定频壁挂式冷暖空调挂机,3010
,,,,,7.50,【苏宁易购】清风 抽纸纸巾原木纯品面纸2层150*4包,456795
,,,,,96.80,【苏宁易购】奥妙净蓝全效洗衣液3KG*2+1KG*3+金纺柔顺502ml*2,10880
,,,,,29.90,【苏宁易购】卫新 香薰洗衣液 索菲亚玫瑰 4.26kg 威露士出品,12121
,,,,,35.90,【苏宁易购】清风 抽纸 淡绿花 原生木浆 2层200抽*20包 整箱,169749
,,,,,25.00,【苏宁易购】 君乐宝 开啡尔 常温 酸奶200g*8 定制包装 数量有限,92855
,,,,,79.00,官方正品小米移动电源10000毫安小巧 大容量手机平板通用充电宝,40145
,,,,,179.00,Midea/美的 SN2105T电磁炉多功能 家用大火力火锅炉超薄触摸汤锅,29581
,,,,,199.00,Midea/美的 MB-WFS3018Q 小电饭煲家用智能迷你锅3l正品1-2-3-4人,3762
,,,,,368.00,Midea/美的 M1-L213C 微波炉智能21L迷你转盘式多功能家用正品,1596
,,,,,349.00,Midea/美的电饭煲WFS4057智能4L家用电饭煲正品美的电饭锅3-5人,4784
,,,,,799.00,Midea/美的F50-21S1 家用洗澡淋浴恒温速热储水式电热水器 50升,8904
,,,,,118.00,Midea/美的JHN30F电饼铛家用双面加热煎饼机电饼档蛋糕机烙饼正品,4829
,,,,,1299.00,Midea/美的 BCD-215TQMB 215升极光银电冰箱三门节能家用冷藏冷冻,6549
,,,,,299.00,美的MY-GD20D1挂烫机家用双杆蒸汽 熨烫挂式电熨斗熨衣服正品特价,877
,,,,,1699.00,Midea/美的BCD-172CM(E) 172升双门节能家用两门小电冰箱冷藏冷冻,3791
,,,,,159.00,美的电风扇FS40-11L1落地扇静音学生台式预约定时电扇,654
,,,,,1898.00,Midea/美的MG70-1213EDS 7公斤变频滚筒全自动洗衣机家用脱水甩干,2864
,,,,,89.00,Midea/美的 MJ-BL25B26搅拌机多功能家用电动辅食果汁豆浆料理机,2749
,,,,,2599.00,Midea/美的KFR-35GW/WPAD3大1.5匹家用定频壁挂式冷暖空调挂机,3010
,,,,,88.00,Midea/美的 WH415E2g电热水壶自动断电烧水壶不锈钢防烫特价包邮,3554
,,,,,2849.00,Midea/美的大1.5匹变频冷暖空调KFR-35GW/WPAA3家用除湿空调挂机,1941
,,,,,299.00,Midea/美的微波炉21L迷你多功能机械式转盘家用正品特价M1-211A,6087
,,,,,129.00,Midea/美的电饼铛 JHN302W电饼档双面悬浮加热电烙饼锅煎烤蛋糕机,1489
,,,,,269.00,Midea/美的 EHS15AP-PGS面包机家用全自动智能多功能 酸买蛋糕机,720
,,,,,99.00,Midea/美的 MK-SJ1703 1.7L大容量电热水壶烧水自动断电全钢正品,1849
,,,,,2699.00,【苏宁】Midea/美的 KFR-26GW/WPAA3 大1匹家用变频空调冷暖挂机,1027
,,,,,239.00,美的挂烫机家用烫衣机特价挂式蒸汽电熨斗熨烫机烫衣服YGD15C2,2970
,,,,,139.00,美的手持式吸尘器家用车用静音除螨小型迷你大吸力SC861A正品特价,2595
,,,,,1298.00,Midea/美的MRO101A-5反渗透RO净水器家用自来水直饮机纯水机,593
,,,,,195.00,Midea/美的MY-12CH402A升级版W12PCH402E电压力锅4L家用智能饭煲,3728
,,,,,1949.00,Midea/美的 KFR-26GW/WPAD3 大1匹定频静音节能冷暖空调挂机,1002
,,,,,238.00,美的电风扇FS40-13ER遥控智能预约静音家用电扇摇头落地扇,188
,,,,,298.00,Midea/美的 MB-WFS4029电饭煲锅4L智能家用迷你多功能3-5-6人正品,1319
,,,,,189.00,美的电磁炉Midea/美的 WK2102T电磁炉特价家用触摸屏电池炉灶正品,4503
,,,,,199.00,美的(Midea)WDE12F43无网研磨 内壁全钢 豆浆机 白色,205
,,,,,349.00,Midea/美的 MB-WFS4017TM电饭煲4L迷你智能电饭锅正品特价3-4-5人,1271
,,,,,229.00,Midea/美的豆浆机DE12G13免过滤全自动家用多功能豆浆机正品特价,1119
,,,,,2899.00,Midea/美的 KFR-26GW/WJAA3@ 大1匹智能云变频冷暖空调挂机除甲醛,574
,,,,,2899.00,Midea/美的 KFR-35GW/WJAA3@ 大1.5匹智能云冷暖变频空调 除甲醛,362
,,,,,299.00,美的蒸汽挂烫机家用双杆挂立式手持电熨斗熨烫衣服烫衣机YGD30A10,1011
,,,,,620.00,Midea/美的F05-15A(S) 5升小厨宝 储水式小电热水器 厨房热水宝,878
,,,,,228.00,美的电磁炉Midea/美的 WT2121S家用火锅电池炉超薄触摸屏正品特价,1320
,,,,,75.00,Midea/美的 12S03E1M 电热水壶防干烧水壶不锈钢1.2L容量自动断电,2094
,,,,,699.00,美的油烟机 CXW-180-AS7210-G1 中式抽油烟机 大吸力油烟机,464
,,,,,399.00,Midea/美的智能微波炉多功能大容量平板微电脑EM720KG1-PW,629
,,,,,1298.00,Midea/美的BCD-215TQM(E) 时尚三开门家用节能电冰箱(格菱蓝),429
,,,,,198.00,Midea/美的 MB-FD409电饭煲智能预约家用4L电饭锅正品特价2-6人,428
,,,,,109.00,Midea/美的 MK-H517E2电热水壶保温防烫不锈钢烧水壶自动断电特价,255
,,,,,99.00,Midea/美的 T1-L101B多功能电烤箱家用烘焙小烤箱控温迷你蛋糕,440
,,,,,199.00,Midea/美的 MG25NF-AD多功能电烤箱家用烘焙蛋糕大容量旋转烤叉,454
,,,,,389.00,Midea/美的MY-QS50B5电压力锅双胆5L智能家用点高压锅饭煲正品,149
,,,,,489.00,Midea/美的 M3-L233B家用微波炉光波炉 智能平板烧烤蒸汽炉特价,183
,,,,,898.00,Midea/美的 MB65-1000H 6.5公斤全自动节能甩干波轮洗衣机家用,94
,,,,,777.00,Midea/美的BCD-88CM双门小冰箱两门冰箱,196
,,,,,299.00,Midea/美的 W12PCS505E 电压力锅双胆5L智能家用电高压锅饭煲正品,581
,,,,,119.00,Midea/美的 YJ408J机械式电饭煲4L正品大容量学生宿舍家用电饭锅,1144
,,,,,1999.00,Midea/美的 KFR-23GW/WPAD3 小1匹 挂壁式冷暖定频空调,313
,,,,,399.00,美的（Midea)X12Q22无网研磨 全钢 豆浆机 蓝色,106
,,,,,199.00,Midea/美的 C21-WT2110A电磁炉家用触屏防水大火力正品包邮特价,377
,,,,,448.00,Midea/美的 EG720KG4-NA智能微波炉烤箱一体家用光波炉正品特价,351
,,,,,1899.00,Midea/美的 KF-23GW/WPAD3 家用小1匹挂壁式单冷定频空调挂机,136
,,,,,1199.00,Midea/美的 BCD-220VM(E)220升冷柜冰柜双温柜家用节能省电,243
,,,,,129.00,Midea/美的 WHJ1507b电热水壶保温电烧水壶自动断电电水壶烧水壶,460
,,,,,199.00,Midea/美的 WCN301双面加热煎烤机电饼铛家用烙饼机正品特价包邮,304
,,,,,798.00,Midea/美的MB60-V2011WL 6公斤波轮洗衣机全自动不锈钢家用型单筒,924
,,,,,4399.00,Midea/美的 KFR-51LW/WPAD3 大2匹冷暖定速节能静音立式柜机,192
,,,,,109.00,Midea/美的 YJ308J电饭煲3l 1-2人电饭锅迷你学生家用正品包邮,398
,,,,,169.00,Midea/美的 MJ-WJE4001D榨汁机家用电动多功能原汁机正品果汁机,655
,,,,,299.00,美的电风扇FS40-13CR遥控扇台式家用遥控定时静音落地风扇,64
,,,,,129.00,Midea/美的 T1-L103B电烤箱 多功能小烤箱迷你家用智能控温烘焙,1285
,,,,,269.00,Midea/美的 FS5018电饭煲正品电饭锅 5l家用智能预约3-5-6人特价,847
,,,,,599.00,Midea/美的 EG7XCGW6-NA智能蒸立方家用多功能微波炉光波炉特价,205
,,,,,1499.00,Midea/美的F60-21W6(B)(遥控)电热水器60升家用恒温热水器60L,198
,,,,,899.00,Midea/美的 BCD-112CM(E)双门小冰箱两门冰箱彩色面板,142
,,,,,259.00,Midea/美的 C21-WT2104A电磁炉超薄触摸电池炉火锅多功能特价家用,155
,,,,,149.00,Midea/美的 YJ508J电饭煲5L大容量带蒸笼饭勺电饭锅特价包邮特价,425
,,,,,399.00,Midea/美的 M1-231A微波炉 23升d大容量800W机械式转盘家用正品,548
,,,,,199.00,美的电饭煲Midea/美的 MB-WFD4015 正品 3-4-5人电饭锅4L智能特价,89
,,,,,1599.00,Midea/美的F50-21WB1(E)(遥控)电热水器50升家用速热热水器50L,196
,,,,,299.00,Midea/美的 VC12C1-VV超强力吸尘器家用静音除螨吸尘器美的吸尘器,193
,,,,,279.00,Midea/美的 W13PCS503E电压力锅双胆智能饭煲5L电高压锅特价正品,510
,,,,,1099.00,Midea/美的JSQ20-10HWA燃气热水器10升家用恒温强排式热水器,115
,,,,,259.00,Midea/美的 FC4019智能预约家用电饭煲4L正品5-6人多功能电饭锅,531
,,,,,199.00,美的蒸汽家用挂烫机正品手持蒸汽电熨斗挂式烫衣服挂烫机YGJ15D1,79
,,,,,89.00,Midea/美的MK-HJ1501b电热水壶不锈钢烧水壶保温自动断电进口温控,109
,,,,,2099.00,Midea/美的 KF-26GW/WPAD3 家用大1匹挂壁式单冷定频空调挂机,91
,,,,,1099.00,Midea/美的F60-21WB1(E) 60升家用淋浴储水式恒温速热电热水器,835
,,,,,249.00,Midea/美的 FS406C 家用电饭煲智能预约家用电饭锅特价2人-6人4L,1812
,,,,,399.00,美的吸尘器家用静音强力除螨仪强力小型无耗材卧式扫地机C3-L148,293
,,,,,399.00,Midea/美的 MJ-WJS20H31 原汁机慢速多功能低速榨汁机家用果汁机,31
,,,,,299.00,Midea/美的 WSS2521电压力锅2L3L升智能家用迷你电高压锅饭煲2.5L,37
,,,,,1599.00,Midea/美的DJ118+Q213B烟灶套餐侧吸式抽吸油烟机燃气灶套装,94
,,,,,199.00,Midea/美的 FS3018电饭煲3L迷你小型智能电饭锅正品特价 2-4人,153
,,,,,339.00,Midea/美的 MM-ESC2000面包机家用全自动智能多功能 酸奶蛋糕机,174
,,,,,128.00,Midea/美的 MK-H215E4b全不锈钢双层防烫保温电热水壶烧水壶家用,622
,,,,,5599.00,Midea/美的空调 KFR-72LW/WPAD3 客厅3匹立式冷暖定频柜机空调,102
,,,,,2849.00,Midea/美的大1.5匹变频冷暖空调KFR-35GW/WPAA3家用除湿空调挂机,1941
,,,,,2599.00,Midea/美的KFR-35GW/WPAD3大1.5匹家用定频壁挂式冷暖空调挂机,3010
,,,,,7.50,【苏宁易购】清风 抽纸纸巾原木纯品面纸2层150*4包,456795
,,,,,96.80,【苏宁易购】奥妙净蓝全效洗衣液3KG*2+1KG*3+金纺柔顺502ml*2,10880
,,,,,29.90,【苏宁易购】卫新 香薰洗衣液 索菲亚玫瑰 4.26kg 威露士出品,12121
,,,,,35.90,【苏宁易购】清风 抽纸 淡绿花 原生木浆 2层200抽*20包 整箱,169749
,,,,,25.00,【苏宁易购】 君乐宝 开啡尔 常温 酸奶200g*8 定制包装 数量有限,92855
,,,,,79.00,官方正品小米移动电源10000毫安小巧 大容量手机平板通用充电宝,40145
,,,,,1799.00,Ronshen/容声BCD-202M/TX6 三开门电冰箱冷藏冷冻家用节能 软冷冻,1851
,,,,,1699.00,Ronshen/容声 BCD-201E/A电冰箱 双门两门 家用 一级能耗,703
,,,,,2399.00,Ronshen/容声 BCD-211YM/DSA 冰箱 家用 三门 电脑温控 软冷冻,371
,,,,,4199.00,Ronshen/容声 255WYMB-YS22 255升风冷三门冰箱电脑控温玻璃面板,286
,,,,,2110.00,Ronshen/容声 BCD-201MB/DS  电冰箱 家用节能三门 红色 玻璃面板,927
,,,,,3999.00,Ronshen/容声 BCD-560WD11HY 对开门大电冰箱家用风冷电脑控温,522
,,,,,1059.00,Ronshen/容声 BCD-171D11D 冰箱 双门 家用 节能高效制冷,242
,,,,,6999.00,Ronshen/容声 BCD-626WD11HP 冰箱家用对开门风冷变频无霜电冰箱,18
,,,,,4299.00,Ronshen/容声 BCD-476D11FY 冰箱 家用 多门 智能不锈钢节能冰箱,73
,,,,,4999.00,Ronshen/容声 BCD-386WD11MY 冰箱 家用 多门 大冷藏 一级节能,21
,,,,,2849.00,Midea/美的大1.5匹变频冷暖空调KFR-35GW/WPAA3家用除湿空调挂机,1941
,,,,,2599.00,Midea/美的KFR-35GW/WPAD3大1.5匹家用定频壁挂式冷暖空调挂机,3010
,,,,,7.50,【苏宁易购】清风 抽纸纸巾原木纯品面纸2层150*4包,456795
,,,,,96.80,【苏宁易购】奥妙净蓝全效洗衣液3KG*2+1KG*3+金纺柔顺502ml*2,10880
,,,,,29.90,【苏宁易购】卫新 香薰洗衣液 索菲亚玫瑰 4.26kg 威露士出品,12121
,,,,,35.90,【苏宁易购】清风 抽纸 淡绿花 原生木浆 2层200抽*20包 整箱,169749
,,,,,25.00,【苏宁易购】 君乐宝 开啡尔 常温 酸奶200g*8 定制包装 数量有限,92855
,,,,,79.00,官方正品小米移动电源10000毫安小巧 大容量手机平板通用充电宝,40145
,,,,,1199.00,MeiLing/美菱 BCD-206L3CT 206升家用节能三门电冰箱冷藏冷冻包邮,1279
,,,,,999.00,MeiLing/美菱 BCD-181MLC 双门电冰箱 大容量冷冻室 节能家用,230
,,,,,6768.00,MeiLing/美菱 BCD-450ZE9N 450升四门家用电冰箱电脑控温冷藏冷冻,702
,,,,,50.00,美菱超声波香薰智能家用卧室加湿器办公室桌面创意大容量空气静音,2464
,,,,,1099.00,MeiLing/美菱 BCD-200MCX 双门冰箱 抗菌内胆 健康无氟 节能家用,170
,,,,,899.00,MeiLing/美菱 BCD-155CHC 155升双门电冰箱 节能大冷冻室全国联保,124
,,,,,1499.00,MeiLing/美菱 BCD-220E3C 三门电冰箱 电脑控温 中门软冷冻,179
,,,,,2199.00,MeiLing/美菱 BCD-235WE3CX 三门冰箱 风冷无霜 电脑控温节能家用,167
,,,,,849.00,MeiLing/美菱 BC/BD-142DT 卧式冷柜 顶开门设计 加大食品框,164
,,,,,3799.00,MeiLing/美菱 BCD-563Plus智能变频风冷无霜电冰箱,38
,,,,,699.00,MeiLing/美菱 BC/BD-98DT 卧式冷柜 顶开式单门 加厚保温层 单温,200
,,,,,1699.00,MeiLing/美菱 BCD-220L3BX（土豪金） 三门电冰箱 钢化玻璃面板,55
,,,,,2849.00,Midea/美的大1.5匹变频冷暖空调KFR-35GW/WPAA3家用除湿空调挂机,1941
,,,,,2599.00,Midea/美的KFR-35GW/WPAD3大1.5匹家用定频壁挂式冷暖空调挂机,3010
,,,,,7.50,【苏宁易购】清风 抽纸纸巾原木纯品面纸2层150*4包,456795
,,,,,96.80,【苏宁易购】奥妙净蓝全效洗衣液3KG*2+1KG*3+金纺柔顺502ml*2,10880
,,,,,29.90,【苏宁易购】卫新 香薰洗衣液 索菲亚玫瑰 4.26kg 威露士出品,12121
,,,,,35.90,【苏宁易购】清风 抽纸 淡绿花 原生木浆 2层200抽*20包 整箱,169749
,,,,,25.00,【苏宁易购】 君乐宝 开啡尔 常温 酸奶200g*8 定制包装 数量有限,92855
,,,,,79.00,官方正品小米移动电源10000毫安小巧 大容量手机平板通用充电宝,40145
,,,,,3888.00,SIEMENS/西门子KG28FA2SPC 279升三门家用电冰箱电脑控温冷藏冷冻,1187
,,,,,4099.00,SIEMENS/西门子 XQG80-WM10N1600W 8公斤静音变频滚筒 节能除菌,441
,,,,,2868.00,SIEMENS/西门子XQG70-WM10N0600W 7公斤滚筒家用甩干全自动洗衣机,576
,,,,,5579.00,SIEMENS/西门子 XQG80-WD12G4681W 8公斤 变频洗干一体滚筒洗衣机,365
,,,,,2098.00,SIEMENS/西门子XQG60-WM08X0R01W 全自动滚筒洗衣机6公斤家用甩干,4185
,,,,,1798.00,SIEMENS/西门子 KK20V40TI 200升双门家用两门电冰箱冷藏冷冻静音,2611
,,,,,4589.00,SIEMENS/西门子KG32HA220C 308升家用三门电脑控温风冷电冰箱,295
,,,,,3557.00,SIEMENS/西门子 KG33NV230C 322升风冷双门无霜冰箱,215
,,,,,5899.00,SIEMENS/西门子XQG90-WM12U5680W 9公斤变频滚筒全自动家用洗衣机,220
,,,,,3656.00,SIEMENS/西门子WM10P1601W 8公斤变频滚筒家用洗衣机,211
,,,,,4649.00,SIEMENS/西门子 XQG90-WM12P2681W 9公斤全自动变频滚筒洗衣机,1720
,,,,,4099.00,苏宁易购 西门子HB23AB522W嵌入式家用烤箱烘焙家庭厨房电烤箱,282
,,,,,4199.00,SIEMENS/西门子 SN23e831TI西门子洗碗机 嵌入式 洗碗机 西门子,284
,,,,,2659.00,SIEMENS/西门子KG28EV2S0C 268升双门家用节能冰箱,143
,,,,,3198.00,SIEMENS/西门子 KK22F0012W 218升三开门电冰箱 家用节能电脑控温,2284
,,,,,6599.00,SIEMENS/西门子KG30FS121C 296升零度保鲜大三门电冰箱玻璃门家用,333
,,,,,5849.00,SIEMENS/西门子KG30FS1G0C 296升三门零度保鲜冰箱 冷藏冷冻节能,386
,,,,,4501.00,SIEMENS/西门子 SK23E800TI家用自动独立式嵌入式节能烘干洗碗机,60
,,,,,1899.00,西门子HS223600W嵌入式消毒柜 家用钢化玻璃臭氧紫外线消毒碗柜,55
,,,,,4499.00,西门子洗衣机XQG80-WM12P1C81W 8公斤 变频滚筒洗衣机无刷电机,200
,,,,,4399.00,西门子LC45S950TI+ER71233MP欧式油烟机燃气灶套餐,52
,,,,,7199.00,SIEMENS/西门子KG28US1C0C冰箱 280升L变频家用三门冰箱,4
,,,,,4880.00,SIEMENS/西门子 SC73M810TI 嵌入式洗碗机家用全自动消毒刷碗进口,36
,,,,,5590.00,SIEMENS/西门子 XQG90-WM12P2691W 9公斤变频滚筒大容量洗衣机,13
,,,,,3799.00,西门子HS363500W 嵌入式消毒柜家用不锈钢臭氧紫外线消毒碗柜,9
,,,,,3590.00,SIEMENS/西门子 WM10E2601W 7公斤 滚筒家用洗衣机,19
,,,,,1699.00,SIEMENS/西门子 ER71257MP 不锈钢嵌入式燃气灶 德国精工快速点火,0
,,,,,10999.00,SIEMENS/西门子 型号 HB43GB550W 嵌入式多功能 原装进口电烤箱,0
,,,,,6290.00,西门子LS65S955TI油烟机,4
,,,,,2849.00,Midea/美的大1.5匹变频冷暖空调KFR-35GW/WPAA3家用除湿空调挂机,1941
,,,,,2599.00,Midea/美的KFR-35GW/WPAD3大1.5匹家用定频壁挂式冷暖空调挂机,3010
,,,,,7.50,【苏宁易购】清风 抽纸纸巾原木纯品面纸2层150*4包,456795
,,,,,96.80,【苏宁易购】奥妙净蓝全效洗衣液3KG*2+1KG*3+金纺柔顺502ml*2,10880
,,,,,29.90,【苏宁易购】卫新 香薰洗衣液 索菲亚玫瑰 4.26kg 威露士出品,12121
,,,,,35.90,【苏宁易购】清风 抽纸 淡绿花 原生木浆 2层200抽*20包 整箱,169749
,,,,,25.00,【苏宁易购】 君乐宝 开啡尔 常温 酸奶200g*8 定制包装 数量有限,92855
,,,,,79.00,官方正品小米移动电源10000毫安小巧 大容量手机平板通用充电宝,40145
,,,,,848.00,Homa/奥马 BCD-176A7 冰箱双门 家用小型电冰箱 节能冰箱冷藏冷冻,356
,,,,,948.00,Homa/奥马 BCD-192DC 冰箱三门家用 特价三开式冷藏冷冻小电冰箱,439
,,,,,748.00,Homa/奥马 BCD-118A5 冰箱双门 小冰箱家用 小型节能冷冻小电冰箱,386
,,,,,1088.00,Homa/奥马 BCD-203DBK 203升三开门式家用节能冷藏冷冻电冰箱包邮,300
,,,,,598.00,Homa/奥马 BC-92 小冰箱 家用 单门小型冰箱 保鲜冷藏节能电冰箱,131
,,,,,698.00,Homa/奥马 BCD-85 小冰箱双门 小型电冰箱家用冷藏冷冻节能电冰箱,166
,,,,,798.00,Homa/奥马 BCD-153CR 双门冰箱 家用小型冰箱 一级节能冷冻电冰箱,186
,,,,,2198.00,Homa/奥马 BCD-388DK四门冰箱家用双门对开式电冰箱一级冷藏冷冻,73
,,,,,2298.00,Homa/奥马BCD-388DV四门家用对开门大容量电冰箱节能家用玻璃面板,102
,,,,,2698.00,Homa/奥马 BCD-508WK  对开门家用大电冰箱风冷电脑控温冷藏冷冻,74
,,,,,1798.00,Homa/奥马 BCD-201WEK 风直冷 大两门 节能电冰箱,3
,,,,,1099.00,Homa/奥马 BCD-186A6 186升红色双门冰箱 家用节能小型冷冻电冰箱,12
,,,,,1699.00,Homa/奥马 BCD-203DEDC 流光银 电脑三门 节能电冰箱,1
,,,,,1298.00,Homa/奥马 BCD-192UB 192升 红色玻璃面板三门家用一级节能电冰箱,3
,,,,,2849.00,Midea/美的大1.5匹变频冷暖空调KFR-35GW/WPAA3家用除湿空调挂机,1941
,,,,,2599.00,Midea/美的KFR-35GW/WPAD3大1.5匹家用定频壁挂式冷暖空调挂机,3010
,,,,,7.50,【苏宁易购】清风 抽纸纸巾原木纯品面纸2层150*4包,456795
,,,,,96.80,【苏宁易购】奥妙净蓝全效洗衣液3KG*2+1KG*3+金纺柔顺502ml*2,10880
,,,,,29.90,【苏宁易购】卫新 香薰洗衣液 索菲亚玫瑰 4.26kg 威露士出品,12121
,,,,,35.90,【苏宁易购】清风 抽纸 淡绿花 原生木浆 2层200抽*20包 整箱,169749
,,,,,25.00,【苏宁易购】 君乐宝 开啡尔 常温 酸奶200g*8 定制包装 数量有限,92855
,,,,,79.00,官方正品小米移动电源10000毫安小巧 大容量手机平板通用充电宝,40145
,,,,,998.00,Whirlpool/惠而浦 WT7866S0W 7公斤全自动波轮洗衣机家用甩干脱水,3724
,,,,,79.00,惠而浦WEK-MS171G双层防烫电热水壶304不锈钢电烧水壶 特价,752
,,,,,599.00,苏宁易购惠而浦电热水器50升ESH-50MK电储水式电热水器双棒2500W,1196
,,,,,2999.00,Whirlpool/惠而浦 ISH-35XC3 家用大1.5匹冷暖变频空调挂机除甲醛,430
,,,,,2298.00,Whirlpool/惠而浦 WF712921BL5W 7.5kg变频滚筒全自动洗衣机,105
,,,,,2799.00,Whirlpool/惠而浦 ISH-26XC3 大1匹家用 变频空调冷暖挂机,322
,,,,,699.00,【苏宁易购】惠而浦电热水器ESH-50MG 50L/升双管速热节能50mg,141
,,,,,999.00,惠而浦电热水器ESH-60ES(遥控)智能热水器电储水式电60L家用60es,163
,,,,,599.00,惠而浦小厨宝ESH-6.5MLU上出水储水式小厨宝电热水器 6.5升,566
,,,,,959.00,惠而浦燃气热水器JSQ20-T10L（白）10L/min 智能恒温温差±0.5℃,56
,,,,,699.00,苏宁易购惠而浦电热水器60升ESH-60MK电储水式电热水器双棒2500W,636
,,,,,998.00,Whirlpool/惠而浦JSQ24-T12L燃气热水器12升天然气恒温家用热水器,97
,,,,,1199.00,Whirlpool/惠而浦 惠而浦冰箱BCD-179M2S 家用两门小型冰箱,61
,,,,,1998.00,Whirlpool/惠而浦 WF710921L5W 7.5kg滚筒洗衣机全自动 节能静音,55
,,,,,1680.00,惠而浦电热水器ESH-50ES(遥控)智能热水器电储水式50es家用50升/L,85
,,,,,799.00,【苏宁易购】惠而浦电热水器ESH-60MG 60L/升双管速热节能60mg,51
,,,,,1680.00,Whirlpool/惠而浦 R50C63 惠而浦反渗透净水器家用直饮机纯水机,23
,,,,,2799.00,Whirlpool/惠而浦 WG-F70821BW 7公斤 变频滚筒全自动洗衣机 静音,46
,,,,,599.00,【苏宁易购】惠而浦电热水器ESH-40MG 40L/升双管速热节能40mg,49
,,,,,1798.00,Whirlpool/惠而浦 WB70803 7公斤 波轮洗衣机全自动 家用节能静音,15
,,,,,988.00,【苏宁易购】惠而浦电热水器ESH-80MG 80L/升双管速热节能80mg,25
,,,,,2098.00,Whirlpool/惠而浦 WB80803波轮洗衣机大容量全自动8公斤家用静音,29
,,,,,959.00,Whirlpool/惠而浦JSQ20-T10L燃气热水器10升天然气恒温家用热水器,22
,,,,,399.00,【苏宁易购】惠而浦床铺除螨机WVC-M401Y UV手持吸尘器二合一高效,234
,,,,,1280.00,惠而浦电热水器ESH-60EL(遥控)智能热水器电储水式电60L家用60el,14
,,,,,6398.00,Whirlpool/惠而浦 WG-F85831BHK 8.5kg变频烘干滚筒全自动洗衣机,7
,,,,,2998.00,Whirlpool/惠而浦 BCD-253WTEW绚丽银   三门风冷冰箱,18
,,,,,2398.00,Whirlpool/惠而浦 WG-F70821W 7kg滚筒洗衣机 全自动  家用节能,37
,,,,,1998.00,Whirlpool/惠而浦 BCD-220TW 家用三门小型电冰箱一级能效软冷冻,8
,,,,,659.00,惠而浦WJU-BS801J家用多功能水果原汁榨汁机原汁机器电动果汁机,58
,,,,,1199.00,惠而浦电热水器ESH-50EL(遥控)智能热水器电储水式电50L家用50el,10
,,,,,3198.00,Whirlpool/惠而浦 WG-F80821BW 8公斤 变频滚筒洗衣机 静音超薄,33
,,,,,1480.00,惠而浦电热水器ESH-80EL(遥控)智能热水器电储水式电80L家用80el,9
,,,,,2849.00,Midea/美的大1.5匹变频冷暖空调KFR-35GW/WPAA3家用除湿空调挂机,1941
,,,,,2599.00,Midea/美的KFR-35GW/WPAD3大1.5匹家用定频壁挂式冷暖空调挂机,3010
,,,,,7.50,【苏宁易购】清风 抽纸纸巾原木纯品面纸2层150*4包,456795
,,,,,96.80,【苏宁易购】奥妙净蓝全效洗衣液3KG*2+1KG*3+金纺柔顺502ml*2,10880
,,,,,29.90,【苏宁易购】卫新 香薰洗衣液 索菲亚玫瑰 4.26kg 威露士出品,12121
,,,,,35.90,【苏宁易购】清风 抽纸 淡绿花 原生木浆 2层200抽*20包 整箱,169749
,,,,,25.00,【苏宁易购】 君乐宝 开啡尔 常温 酸奶200g*8 定制包装 数量有限,92855
,,,,,79.00,官方正品小米移动电源10000毫安小巧 大容量手机平板通用充电宝,40145
,,,,,279.00,格兰仕微波炉机械式包邮P70D20N1P-G5(W0)家用转盘20升正品特价,75239
,,,,,699.00,Galanz/格兰仕 XQB60-J5 6公斤全自动波轮洗衣机家用宿舍包邮甩干,4677
,,,,,369.00,格兰仕微波炉 P70F23P-G5(B0) 家用多功能大容量机械式23L包邮,6099
,,,,,899.00,Galanz/格兰仕 BCD-178N冰箱 178升双门家用节能电冰箱,1547
,,,,,999.00,Galanz/格兰仕 XQG60-A708C 6公斤全自动滚筒洗衣机家用节能甩干,2468
,,,,,1099.00,Galanz/格兰仕 BCD-216T 216升三门三温冰箱 中门软冷冻养鲜,844
,,,,,1999.00,Galanz/格兰仕KFR-35GW/RDVdLD46-150(2)大1.5匹变频冷暖空调挂机,384
,,,,,799.00,Galanz/格兰仕 BCD-131A 131升双门节能冰箱 两天不到1度电,79
,,,,,1399.00,Galanz/格兰仕UG612 6公斤全自动变频滚筒洗衣机家用甩干脱水杀菌,249
,,,,,1399.00,Galanz/格兰仕 XQG70-Q712 7公斤全自动滚筒洗衣机LED显示屏家用,725
,,,,,2849.00,Midea/美的大1.5匹变频冷暖空调KFR-35GW/WPAA3家用除湿空调挂机,1941
,,,,,2599.00,Midea/美的KFR-35GW/WPAD3大1.5匹家用定频壁挂式冷暖空调挂机,3010
,,,,,7.50,【苏宁易购】清风 抽纸纸巾原木纯品面纸2层150*4包,456795
,,,,,96.80,【苏宁易购】奥妙净蓝全效洗衣液3KG*2+1KG*3+金纺柔顺502ml*2,10880
,,,,,29.90,【苏宁易购】卫新 香薰洗衣液 索菲亚玫瑰 4.26kg 威露士出品,12121
,,,,,35.90,【苏宁易购】清风 抽纸 淡绿花 原生木浆 2层200抽*20包 整箱,169749
,,,,,25.00,【苏宁易购】 君乐宝 开啡尔 常温 酸奶200g*8 定制包装 数量有限,92855
,,,,,79.00,官方正品小米移动电源10000毫安小巧 大容量手机平板通用充电宝,40145
,,,,,1699.00,Frestec/新飞 BCD-223DEMK 三门冰箱 电脑控温 三门三温 节能家用,108
,,,,,1269.00,Frestec/新飞 BCD-208DMK 三门电冰箱 机械控温 节能家用,60
,,,,,2999.00,FRESTECH/新飞 BCD-389DEG冰箱多门四门电脑温控大容量冰箱,17
,,,,,869.00,Frestec/新飞 BCD-126DA 双门电冰箱 小冰箱 节能静音 大冷藏冰箱,69
,,,,,1799.00,FRESTECH/新飞 BCD-251DK 双门节能冰箱/大容量/静音/经济家用,17
,,,,,1189.00,FRESTECH/新飞 BC/BD-221DA 单门大容量冷柜/节能/经济型家用商用,7
,,,,,949.00,FRESTECH/新飞 BC/BD-149DA单门大容量冷柜/冷藏/冷冻/节能经济型,5
,,,,,2849.00,Midea/美的大1.5匹变频冷暖空调KFR-35GW/WPAA3家用除湿空调挂机,1941
,,,,,2599.00,Midea/美的KFR-35GW/WPAD3大1.5匹家用定频壁挂式冷暖空调挂机,3010
,,,,,7.50,【苏宁易购】清风 抽纸纸巾原木纯品面纸2层150*4包,456795
,,,,,96.80,【苏宁易购】奥妙净蓝全效洗衣液3KG*2+1KG*3+金纺柔顺502ml*2,10880
,,,,,29.90,【苏宁易购】卫新 香薰洗衣液 索菲亚玫瑰 4.26kg 威露士出品,12121
,,,,,35.90,【苏宁易购】清风 抽纸 淡绿花 原生木浆 2层200抽*20包 整箱,169749
,,,,,25.00,【苏宁易购】 君乐宝 开啡尔 常温 酸奶200g*8 定制包装 数量有限,92855
,,,,,79.00,官方正品小米移动电源10000毫安小巧 大容量手机平板通用充电宝,40145
,,,,,1898.00,Midea/美的MG70-1213EDS 7公斤变频滚筒全自动洗衣机家用脱水甩干,2864
,,,,,1799.00,Haier/海尔 EG7012B29W 7公斤变频全自动滚筒洗衣机家用甩干脱水,2338
,,,,,2799.00,LG WD-T12411DN 8公斤 全自动变频智能 滚筒洗衣机,1324
,,,,,1998.00,Littleswan/小天鹅 TG70-1229EDS 7公斤全自动变频滚筒洗衣机家用,2598
,,,,,1598.00,Littleswan/小天鹅TG70-1226E(S)7公斤全自动滚筒洗衣机家用节能,1226
,,,,,4099.00,SIEMENS/西门子 XQG80-WM10N1600W 8公斤静音变频滚筒 节能除菌,441
,,,,,4299.00,Haier/海尔 XQG80-BX12636 8公斤全自动变频静音滚筒洗衣机家用,274
,,,,,2868.00,SIEMENS/西门子XQG70-WM10N0600W 7公斤滚筒家用甩干全自动洗衣机,576
,,,,,2299.00,Haier/海尔 EG8012B29WC 8公斤大容量全自动变频滚筒洗衣机杀菌,952
,,,,,5579.00,SIEMENS/西门子 XQG80-WD12G4681W 8公斤 变频洗干一体滚筒洗衣机,365
,,,,,2098.00,SIEMENS/西门子XQG60-WM08X0R01W 全自动滚筒洗衣机6公斤家用甩干,4185
,,,,,5899.00,SIEMENS/西门子XQG90-WM12U5680W 9公斤变频滚筒全自动家用洗衣机,220
,,,,,3656.00,SIEMENS/西门子WM10P1601W 8公斤变频滚筒家用洗衣机,211
,,,,,4649.00,SIEMENS/西门子 XQG90-WM12P2681W 9公斤全自动变频滚筒洗衣机,1720
,,,,,2599.00,Haier/海尔 XQG70-BX12636 7公斤变频节能滚筒洗衣机,141
,,,,,1598.00,Sanyo/三洋XQG70-F11210SZ 7公斤全自动滚筒洗衣机甩干脱水家用型,1394
,,,,,999.00,Galanz/格兰仕 XQG60-A708C 6公斤全自动滚筒洗衣机家用节能甩干,2468
,,,,,2398.00,Littleswan/小天鹅 TG80-1229EDS 8公斤/kg全自动变频滚筒洗衣机,1058
,,,,,3698.00,Littleswan/小天鹅 TD80-1411DXS 8公斤全自动变频滚筒烘干洗衣机,592
,,,,,2298.00,Whirlpool/惠而浦 WF712921BL5W 7.5kg变频滚筒全自动洗衣机,105
,,,,,2098.00,Sanyo/三洋 DG-F8026BS 8公斤全自动节能滚筒洗衣机,393
,,,,,2799.00,Samsung/三星WW70J5280GW/SC 7公斤全自动家用节能滚筒洗衣机甩干,89
,,,,,2099.00,LG WD-N12435D 6公斤滚筒洗衣机 全自动超薄静音DD变频智能,315
,,,,,1888.00,Littleswan/小天鹅 TG70-V1262ED 7公斤全自动变频滚筒洗衣机节能,514
,,,,,999.00,Skyworth/创维 F60A 6公斤 滚筒洗衣机智能自动省水省电,312
,,,,,1498.00,Midea/美的 MG70-1232E(S) 7公斤 滚筒洗衣机,69
,,,,,2999.00,Samsung/三星 WW70J5230GW 7kg变频滚筒洗衣机,71
,,,,,1498.00,Midea/美的 MG70-eco11WX 7公斤 滚筒洗衣机 APP操控,71
,,,,,3299.00,Haier/海尔 XQG100-BX12636 10kg/公斤大容量变频滚筒洗衣机,61
,,,,,3399.00,Samsung/三星 WW80J5230GW 8kg变频滚筒洗衣机,40
,,,,,1598.00,Sanyo/三洋 XQG80-F8130WZ 8公斤全自动智能滚筒洗衣机玫瑰金滚筒,383
,,,,,5998.00,SIEMENS/西门子XQG80-WD12G4601W 8公斤变频家用全自动滚筒洗衣机,88
,,,,,2299.00,Haier/海尔 EG8012B29WH 8公斤大容量全自动变频静音滚筒洗衣机,29
,,,,,1698.00,Sanyo/三洋 XQG70-F11310BSZ 7公斤精变频全自动滚筒大容量洗衣机,101
,,,,,1399.00,Galanz/格兰仕UG612 6公斤全自动变频滚筒洗衣机家用甩干脱水杀菌,249
,,,,,3399.00,Haier/海尔 XQG75-BX1219N 7.5公斤全自动变频滚筒洗衣机脱水甩干,114
,,,,,1998.00,Whirlpool/惠而浦 WF710921L5W 7.5kg滚筒洗衣机全自动 节能静音,55
,,,,,4499.00,西门子洗衣机XQG80-WM12P1C81W 8公斤 变频滚筒洗衣机无刷电机,200
,,,,,1598.00,Sanyo/三洋 WF710668BIS0S 7公斤智能全自动变频滚筒洗衣机不锈钢,204
,,,,,2998.00,Sanyo/三洋 DG-F75366BG 7.5公斤变频滚筒洗衣机,9
,,,,,1498.00,Sanyo/三洋 WF610312S5S 6.5公斤超薄全自动家用滚筒洗衣机节能,29
,,,,,2998.00,Littleswan/小天鹅 TG80-1411DXS 8公斤全自动变频滚筒洗衣机,8
,,,,,2799.00,Whirlpool/惠而浦 WG-F70821BW 7公斤 变频滚筒全自动洗衣机 静音,46
,,,,,1399.00,Galanz/格兰仕 XQG70-Q712 7公斤全自动滚筒洗衣机LED显示屏家用,725
,,,,,5590.00,SIEMENS/西门子 XQG90-WM12P2691W 9公斤变频滚筒大容量洗衣机,13
,,,,,3998.00,Littleswan/小天鹅 TG90-1411DXS 9公斤变频滚筒洗衣机,2
,,,,,4298.00,Sanyo/三洋 DG-L7533BXG 7.5公斤全自动变频滚筒洗衣机甩干家用,22
,,,,,2099.00,Blomberg/博伦博格WNF80221JS 8公斤全自动家用滚筒智能洗衣机,3
,,,,,4799.00,LG WD-H12428D 7公斤滚筒洗衣机 轻薄设计 DD变频电机保修十年,61
,,,,,3099.00,Blomberg/博伦博格WNF80242XS 8公斤智能云wifi变频滚筒洗衣机,1
,,,,,6398.00,Whirlpool/惠而浦 WG-F85831BHK 8.5kg变频烘干滚筒全自动洗衣机,7
,,,,,1899.00,Blomberg/博伦博格WNF70221JS 7公斤全自动家用滚筒智能洗衣机,4
,,,,,5698.00,Haier/海尔 XQG80-BD1626 8kg/公斤 大容量 水晶变频 滚筒洗衣机,4
,,,,,5299.00,LG WD-T1450B0S 8公斤 DD变频滚筒洗衣机 智能手洗 蒸汽喷淋技术,2
,,,,,3590.00,SIEMENS/西门子 WM10E2601W 7公斤 滚筒家用洗衣机,19
,,,,,1898.00,Littleswan/小天鹅 TG70-easy60WX 7公斤滚筒洗衣机 APP智能操控,0
,,,,,5699.00,Haier/海尔 XQG90-BDX1626 9kg/公斤变频静音滚筒洗衣机,21
,,,,,2398.00,Whirlpool/惠而浦 WG-F70821W 7kg滚筒洗衣机 全自动  家用节能,37
,,,,,2699.00,Whirlpool/惠而浦 WG-F80821W 8kg滚筒洗衣机 全自动 超薄节能,1
,,,,,2498.00,Midea/美的 MG80-eco31WDX8公斤滚筒洗衣机,0
,,,,,5898.00,Sanyo/三洋 DG-L7533BHC 7.5公斤带烘干功能全自动滚筒洗衣机,0
,,,,,4498.00,Whirlpool/惠而浦 WG-F75831BK 7.5kg变频滚筒全自动洗衣机,0
,,,,,8650.00,LG WD-A1450B7H  DD直驱变频 高温蒸汽杀菌 8公斤滚筒洗衣机,1
,,,,,3198.00,Whirlpool/惠而浦 WG-F80821BW 8公斤 变频滚筒洗衣机 静音超薄,33
,,,,,139.00,蓝月亮机洗绝配滚筒亮白礼盒装,0
,,,,,2849.00,Midea/美的大1.5匹变频冷暖空调KFR-35GW/WPAA3家用除湿空调挂机,1941
,,,,,2599.00,Midea/美的KFR-35GW/WPAD3大1.5匹家用定频壁挂式冷暖空调挂机,3010
,,,,,7.50,【苏宁易购】清风 抽纸纸巾原木纯品面纸2层150*4包,456795
,,,,,96.80,【苏宁易购】奥妙净蓝全效洗衣液3KG*2+1KG*3+金纺柔顺502ml*2,10880
,,,,,29.90,【苏宁易购】卫新 香薰洗衣液 索菲亚玫瑰 4.26kg 威露士出品,12121
,,,,,35.90,【苏宁易购】清风 抽纸 淡绿花 原生木浆 2层200抽*20包 整箱,169749
,,,,,25.00,【苏宁易购】 君乐宝 开啡尔 常温 酸奶200g*8 定制包装 数量有限,92855
,,,,,79.00,官方正品小米移动电源10000毫安小巧 大容量手机平板通用充电宝,40145
,,,,,899.00,Haier/海尔XQB60-M1269 6公斤全自动波轮洗衣机家用节能省水,8312
,,,,,999.00,Haier/海尔XQB70-M1269S 7公斤全自动波轮洗衣机家用甩干脱水单筒,5362
,,,,,1298.00,Littleswan/小天鹅 TB75-8168H 7.5公斤全自动波轮洗衣机家用甩干,1356
,,,,,849.00,Haier/海尔 XQB55-M1258 关爱 5.5公斤全自动波轮洗衣机苏宁配送,927
,,,,,898.00,Littleswan/小天鹅 TB60-V1059H 6公斤全自动波轮洗衣机家用甩干,2047
,,,,,1098.00,Sanyo/三洋DB7058ES 7公斤三洋家用节能全自动波轮洗衣机甩干脱水,728
,,,,,688.00,Qishuai奇帅XQB60-6068 6公斤全自动家用节能波轮洗衣机,515
,,,,,998.00,Whirlpool/惠而浦 WT7866S0W 7公斤全自动波轮洗衣机家用甩干脱水,3724
,,,,,699.00,Galanz/格兰仕 XQB60-J5 6公斤全自动波轮洗衣机家用宿舍包邮甩干,4677
,,,,,798.00,小天鹅(Little Swan) TB55-V1068 5.5公斤 波轮洗衣机,323
,,,,,1299.00,Hisense/海信 XQB70-H3568 7公斤全自动波轮洗衣机家用不锈钢单筒,1560
,,,,,1098.00,Sanyo/三洋 WT8455M0S大容量8公斤家用全自动省水波轮洗衣机,276
,,,,,898.00,Sanyo/三洋 DB7056SN 7公斤波轮洗衣机全自动大容量家用甩干脱水,2205
,,,,,898.00,Midea/美的 MB65-1000H 6.5公斤全自动节能甩干波轮洗衣机家用,94
,,,,,2098.00,Panasonic/松下 XQB75-Q7321 7.5公斤大容量全自动波轮洗衣机,239
,,,,,798.00,Midea/美的MB60-V2011WL 6公斤波轮洗衣机全自动不锈钢家用型单筒,924
,,,,,898.00,Midea/美的 MB65-eco11W 6.5公斤 波轮洗衣机 WIFI智能远程操控,90
,,,,,828.00,Sanyo/三洋 XQB65-951Z 6.5公斤波轮洗衣机全自动,84
,,,,,3199.00,Haier/海尔 XQS75-BZ1328 7.5公斤变频双动力波轮洗衣机苏宁配送,55
,,,,,828.00,Sanyo/三洋 XQB60-S650Z 6kg家用全自动波轮洗衣机,154
,,,,,998.00,小天鹅(Little Swan) TB65-8168H 6.5公斤 波轮洗衣机,44
,,,,,798.00,Sanyo/三洋 XQB50-S550Z 5kg全自动波轮洗衣机,88
,,,,,798.00,Sanyo/三洋 XQB55-851Z 5.5kg全自动波轮洗衣机 奋斗族实惠家用,474
,,,,,1199.00,Haier/海尔 EB75M2WD 7.5kg/公斤全自动智能波轮洗衣机苏宁配送,173
,,,,,3999.00,Haier/海尔 MS70-BZ1528 7公斤变频免清洗波轮洗衣机苏宁配送,23
,,,,,1799.00,Haier/海尔XQS70-Z12699 7公斤全自动双动力波轮洗衣机家用不锈钢,416
,,,,,1099.00,Hisense/海信 XQB60-H3568 洗衣机全自动6公斤波轮家用单筒带甩干,35
,,,,,2399.00,Haier/海尔 XQS70-Z1626 7公斤双动力全自动波轮洗衣机家用节能型,16
,,,,,699.00,Konka/康佳 XQB55-718全自动波轮洗衣机5.5kg公斤家用洗衣机,569
,,,,,2398.00,Panasonic/松下 XQB75-H7231 7.5kg全自动波轮洗衣机 泡沫净,60
,,,,,1398.00,Littleswan/小天鹅 TB75-easy60W 7.5公斤波轮洗衣机 APP智能操控,14
,,,,,1579.00,Panasonic/松下 XQB65-Q6321 6.5公斤全自动波轮洗衣机家用脱水,146
,,,,,2798.00,Panasonic/松下 XQB80-H8252 8公斤大容量全自动波轮洗衣机,10
,,,,,1399.00,Blomberg/博伦博格WNT7011QB 7公斤全自动家用节能波轮智能洗衣机,5
,,,,,1798.00,Whirlpool/惠而浦 WB70803 7公斤 波轮洗衣机全自动 家用节能静音,15
,,,,,1199.00,Blomberg/博伦博格WNT6011QB 6公斤全自动家用节能波轮智能洗衣机,7
,,,,,4099.00,Haier/海尔 MS85-BZ13288 8.5kg/公斤免清洗双动力变频波轮洗衣机,4
,,,,,1499.00,Blomberg/博伦博格WNT7021QB 7公斤全自动家用智能WIFI波轮洗衣机,4
,,,,,2098.00,Whirlpool/惠而浦 WB80803波轮洗衣机大容量全自动8公斤家用静音,29
,,,,,1598.00,Littleswan/小天鹅 TB80-V1059H 8公斤全自动波轮洗衣机,5
,,,,,3698.00,Littleswan/小天鹅 TB85-6188IDCL(G) 8.5公斤智能变频滚筒洗衣机,42
,,,,,3799.00,Haier/海尔 MS75-BZ13288 7.5kg/公斤免清洗双动力变频波轮洗衣机,4
,,,,,4699.00,Haier/海尔 MS80-BZ1528 8kg/公斤免清洗 双动力 变频 波轮洗衣机,7
,,,,,2988.00,Panasonic/松下 XQB90-Q9132 9KG大容量家用全自动波轮洗衣机,21
,,,,,999.00,Skyworth/创维 T70F  7公斤全自动波轮洗衣机  智能自动 省水省电,33
,,,,,2698.00,Littleswan/小天鹅TB75-6088DCLS 7.5公斤波轮洗衣机变频电机静音,0
,,,,,3399.00,Blomberg/博伦博格WNT8021QB 8公斤全自动家用智能WIFI波轮洗衣机,0
,,,,,2498.00,Sanyo/三洋 DB7535BXS 7.5公斤变频波轮洗衣机,1
,,,,,2849.00,Midea/美的大1.5匹变频冷暖空调KFR-35GW/WPAA3家用除湿空调挂机,1941
,,,,,2599.00,Midea/美的KFR-35GW/WPAD3大1.5匹家用定频壁挂式冷暖空调挂机,3010
,,,,,7.50,【苏宁易购】清风 抽纸纸巾原木纯品面纸2层150*4包,456795
,,,,,96.80,【苏宁易购】奥妙净蓝全效洗衣液3KG*2+1KG*3+金纺柔顺502ml*2,10880
,,,,,29.90,【苏宁易购】卫新 香薰洗衣液 索菲亚玫瑰 4.26kg 威露士出品,12121
,,,,,35.90,【苏宁易购】清风 抽纸 淡绿花 原生木浆 2层200抽*20包 整箱,169749
,,,,,25.00,【苏宁易购】 君乐宝 开啡尔 常温 酸奶200g*8 定制包装 数量有限,92855
,,,,,79.00,官方正品小米移动电源10000毫安小巧 大容量手机平板通用充电宝,40145
,,,,,555.00,Qishuai奇帅XQB33-333 3.3公斤全自动婴儿家用儿童迷你波轮洗衣机,163
,,,,,1249.00,Panasonic/松下 XQB28-P200W迷你波轮全自动小洗衣机婴幼儿专用,60
,,,,,2849.00,Midea/美的大1.5匹变频冷暖空调KFR-35GW/WPAA3家用除湿空调挂机,1941
,,,,,2599.00,Midea/美的KFR-35GW/WPAD3大1.5匹家用定频壁挂式冷暖空调挂机,3010
,,,,,7.50,【苏宁易购】清风 抽纸纸巾原木纯品面纸2层150*4包,456795
,,,,,96.80,【苏宁易购】奥妙净蓝全效洗衣液3KG*2+1KG*3+金纺柔顺502ml*2,10880
,,,,,29.90,【苏宁易购】卫新 香薰洗衣液 索菲亚玫瑰 4.26kg 威露士出品,12121
,,,,,35.90,【苏宁易购】清风 抽纸 淡绿花 原生木浆 2层200抽*20包 整箱,169749
,,,,,25.00,【苏宁易购】 君乐宝 开啡尔 常温 酸奶200g*8 定制包装 数量有限,92855
,,,,,79.00,官方正品小米移动电源10000毫安小巧 大容量手机平板通用充电宝,40145
,,,,,849.00,Haier/海尔 XQB55-M1258 关爱 5.5公斤全自动波轮洗衣机苏宁配送,927
,,,,,898.00,Littleswan/小天鹅 TB60-V1059H 6公斤全自动波轮洗衣机家用甩干,2047
,,,,,688.00,Qishuai奇帅XQB60-6068 6公斤全自动家用节能波轮洗衣机,515
,,,,,699.00,Galanz/格兰仕 XQB60-J5 6公斤全自动波轮洗衣机家用宿舍包邮甩干,4677
,,,,,798.00,小天鹅(Little Swan) TB55-V1068 5.5公斤 波轮洗衣机,323
,,,,,555.00,Qishuai奇帅XQB33-333 3.3公斤全自动婴儿家用儿童迷你波轮洗衣机,163
,,,,,1299.00,Hisense/海信 XQB70-H3568 7公斤全自动波轮洗衣机家用不锈钢单筒,1560
,,,,,999.00,Galanz/格兰仕 XQG60-A708C 6公斤全自动滚筒洗衣机家用节能甩干,2468
,,,,,898.00,Midea/美的 MB65-1000H 6.5公斤全自动节能甩干波轮洗衣机家用,94
,,,,,898.00,Midea/美的 MB65-eco11W 6.5公斤 波轮洗衣机 WIFI智能远程操控,90
,,,,,828.00,Sanyo/三洋 XQB65-951Z 6.5公斤波轮洗衣机全自动,84
,,,,,999.00,Skyworth/创维 F60A 6公斤 滚筒洗衣机智能自动省水省电,312
,,,,,828.00,Sanyo/三洋 XQB60-S650Z 6kg家用全自动波轮洗衣机,154
,,,,,798.00,Sanyo/三洋 XQB50-S550Z 5kg全自动波轮洗衣机,88
,,,,,798.00,Sanyo/三洋 XQB55-851Z 5.5kg全自动波轮洗衣机 奋斗族实惠家用,474
,,,,,1099.00,Hisense/海信 XQB60-H3568 洗衣机全自动6公斤波轮家用单筒带甩干,35
,,,,,699.00,Konka/康佳 XQB55-718全自动波轮洗衣机5.5kg公斤家用洗衣机,569
,,,,,999.00,Skyworth/创维 T70F  7公斤全自动波轮洗衣机  智能自动 省水省电,33
,,,,,599.00,Skyworth/创维 AIUI98老人看戏机智能网络广场舞音响播放器小电视,0
,,,,,2849.00,Midea/美的大1.5匹变频冷暖空调KFR-35GW/WPAA3家用除湿空调挂机,1941
,,,,,2599.00,Midea/美的KFR-35GW/WPAD3大1.5匹家用定频壁挂式冷暖空调挂机,3010
,,,,,7.50,【苏宁易购】清风 抽纸纸巾原木纯品面纸2层150*4包,456795
,,,,,96.80,【苏宁易购】奥妙净蓝全效洗衣液3KG*2+1KG*3+金纺柔顺502ml*2,10880
,,,,,29.90,【苏宁易购】卫新 香薰洗衣液 索菲亚玫瑰 4.26kg 威露士出品,12121
,,,,,35.90,【苏宁易购】清风 抽纸 淡绿花 原生木浆 2层200抽*20包 整箱,169749
,,,,,25.00,【苏宁易购】 君乐宝 开啡尔 常温 酸奶200g*8 定制包装 数量有限,92855
,,,,,79.00,官方正品小米移动电源10000毫安小巧 大容量手机平板通用充电宝,40145
,,,,,999.00,Toshiba/东芝 32L15EBC 32英寸 高清蓝光 LED液晶电视,14
,,,,,2849.00,Midea/美的大1.5匹变频冷暖空调KFR-35GW/WPAA3家用除湿空调挂机,1941
,,,,,2599.00,Midea/美的KFR-35GW/WPAD3大1.5匹家用定频壁挂式冷暖空调挂机,3010
,,,,,7.50,【苏宁易购】清风 抽纸纸巾原木纯品面纸2层150*4包,456796
,,,,,96.80,【苏宁易购】奥妙净蓝全效洗衣液3KG*2+1KG*3+金纺柔顺502ml*2,10880
,,,,,29.90,【苏宁易购】卫新 香薰洗衣液 索菲亚玫瑰 4.26kg 威露士出品,12121
,,,,,35.90,【苏宁易购】清风 抽纸 淡绿花 原生木浆 2层200抽*20包 整箱,169749
,,,,,25.00,【苏宁易购】 君乐宝 开啡尔 常温 酸奶200g*8 定制包装 数量有限,92855
,,,,,79.00,官方正品小米移动电源10000毫安小巧 大容量手机平板通用充电宝,40145
,,,,,200.00,爱仕达ASD 新不粘三件套WG03CTJS(炒锅 煎锅 汤锅),82
,,,,,2849.00,Midea/美的大1.5匹变频冷暖空调KFR-35GW/WPAA3家用除湿空调挂机,1941
,,,,,2599.00,Midea/美的KFR-35GW/WPAD3大1.5匹家用定频壁挂式冷暖空调挂机,3010
,,,,,7.50,【苏宁易购】清风 抽纸纸巾原木纯品面纸2层150*4包,456796
,,,,,96.80,【苏宁易购】奥妙净蓝全效洗衣液3KG*2+1KG*3+金纺柔顺502ml*2,10880
,,,,,29.90,【苏宁易购】卫新 香薰洗衣液 索菲亚玫瑰 4.26kg 威露士出品,12121
,,,,,35.90,【苏宁易购】清风 抽纸 淡绿花 原生木浆 2层200抽*20包 整箱,169749
,,,,,25.00,【苏宁易购】 君乐宝 开啡尔 常温 酸奶200g*8 定制包装 数量有限,92855
,,,,,79.00,官方正品小米移动电源10000毫安小巧 大容量手机平板通用充电宝,40145
